{"ratio": [], "shift": [["CIF7,SUBCATEGORIES", 0], ["CIF7,SIZES", 0], ["CIF8,HISTORIES", 0], ["CIF8,PLANTS", 0], ["CIF3,SUBCATEGORIES", 0], ["CIF3,CATEGORIES", 0], ["CIF5,PLANTS", 0], ["CIF5,SUBCATEGORIES", 0], ["CIF6,PLANTS", 0], ["CIF6,USERS", 0], ["CIF9,PERIODS", 0], ["CIF9,SUBCATEGORIES", 0], ["CIF1,COMMENTS", 0], ["CIF1,SUBCATEGORIES", 0], ["CIF2,COMMENTS", 0], ["CIF2,USERS", 0], ["CIF11,USERS", 0], ["CIF11,VOTES", 0], ["CIF4,TYPES", 0], ["CIF4,PERIODS", 0], ["CIF,COMMENTS,-1.0", 0], ["CIF,COMMENTS,1.0", 0], ["CIF10,VOTES", 0], ["CIF10,COMMENTS", 0]], "colors": [["annotation_color", "#c51b7d"], ["annotation_text_color", "#f7f7f7"], ["association_attribute_text_color", "#000000"], ["association_cartouche_color", "#f1b6da"], ["association_cartouche_text_color", "#000000"], ["association_color", "#fde0ef"], ["association_stroke_color", "#de77ae"], ["background_color", "#f7f7f7"], ["card_text_color", "#4d9221"], ["entity_attribute_text_color", "#000000"], ["entity_cartouche_color", "#b8e186"], ["entity_cartouche_text_color", "#000000"], ["entity_color", "#e6f5d0"], ["entity_stroke_color", "#7fbc41"], ["leg_stroke_color", "#de77ae"], ["transparent_color", "none"]], "cy": [["CATEGORIES", 111], ["CIF7", 111], ["SIZES", 111], ["CIF8", 111], ["HISTORIES", 111], ["CIF3", 357], ["SUBCATEGORIES", 357], ["CIF5", 357], ["PLANTS", 357], ["CIF6", 357], ["PERIODS", 552], ["CIF9", 552], ["CIF1", 552], ["CIF2", 552], ["USERS", 552], ["CIF11", 552], ["CIF4", 704], ["TYPES", 704], ["CIF", 704], ["COMMENTS", 704], ["CIF10", 704], ["VOTES", 704]], "cx": [["CATEGORIES", 61], ["CIF7", 171], ["SIZES", 281], ["CIF8", 383], ["HISTORIES", 489], ["CIF3", 61], ["SUBCATEGORIES", 171], ["CIF5", 281], ["PLANTS", 383], ["CIF6", 489], ["PERIODS", 61], ["CIF9", 171], ["CIF1", 281], ["CIF2", 383], ["USERS", 489], ["CIF11", 586], ["CIF4", 61], ["TYPES", 171], ["CIF", 281], ["COMMENTS", 383], ["CIF10", 489], ["VOTES", 586]], "size": [638, 789]}